# gap_id	slug	disposition	owner	date	note
100	injection-probe-tool-output	pending	-	2026-08-02	awaiting owner disposition
101	deferred-decision-dependency-blocking	pending	-	2026-08-02	awaiting owner disposition
102	two-stage-classifier-seam	pending	-	2026-08-02	awaiting owner disposition
103	provider-keystore-advisory-lock	pending	-	2026-08-02	awaiting owner disposition
104	sources-bundles-not-fed-to-prepare	pending	-	2026-08-02	awaiting owner disposition
105	bundle-added-name-resolution	pending	-	2026-08-02	awaiting owner disposition
106	notification-config-and-cli	pending	-	2026-08-02	awaiting owner disposition
107	tool-invoke-cli	pending	-	2026-08-02	awaiting owner disposition
108	fork-session-directive	pending	-	2026-08-02	awaiting owner disposition
109	run-per-invocation-flags-and-resume	pending	-	2026-08-02	awaiting owner disposition
110	data-safe-reset-command	pending	-	2026-08-02	awaiting owner disposition
111	goal-command-autonomous-continuation	pending	-	2026-08-04	awaiting owner disposition
112	in-session-project-memory-scaffold	pending	-	2026-08-04	awaiting owner disposition
113	shell-completion-install	pending	-	2026-08-04	awaiting owner disposition
114	module-cli-introspection	pending	-	2026-08-04	awaiting owner disposition
115	agents-cli-introspection	pending	-	2026-08-04	awaiting owner disposition
116	btw-side-question-verb	pending	-	2026-08-04	awaiting owner disposition
117	feedback-deep-link	pending	-	2026-08-04	awaiting owner disposition
118	fail-loud-module-activation	pending	-	2026-08-04	awaiting owner disposition
119	post-update-provider-restoration	accepted	Michael Jabbour	2026-08-23	direct instruction to make the one-command upgrade restore configured providers
120	live-provider-test-and-models	accepted	Michael Jabbour	2026-08-23	direct instruction to catch up to current app-cli features while retaining stronger TUI routing
121	goal-batch-and-ten-lane-skills	accepted	Michael Jabbour	2026-08-23	direct instruction to catch up to current app-cli features
122	public-wayfinder-default	accepted	Michael Jabbour	2026-08-23	direct instruction to catch up to current app-cli features
123	optional-provider-boolean-omission	pending	-	2026-09-06	awaiting owner disposition
124	reserved-provider-parameter-edit-investigation	pending	-	2026-09-06	awaiting owner disposition
125	lazy-skill-direct-alias-refresh-investigation	pending	-	2026-09-06	awaiting owner disposition
126	shared-provider-credential-binding-proposal	pending	-	2026-09-06	awaiting owner disposition
